<?xml version='1.0' encoding='ISO-8859-1'?>
<DTE>
  <Documento>
    <Encabezado>
      <IdDoc>
        <TipoDTE>33</TipoDTE>
        <Folio>1009</Folio>
        <FchEmis>2025-08-01</FchEmis>
        <FchVenc>2025-08-31</FchVenc>
      </IdDoc>
      <Emisor>
        <RUTEmisor>76543210-1</RUTEmisor>
        <RznSoc>Proveedor de Ejemplo SpA</RznSoc>
      </Emisor>
      <Receptor>
        <RUTRecep>76262370-6</RUTRecep>
        <RznSocRecep>Zimex Ltda</RznSocRecep>
      </Receptor>
      <Totales>
        <MntTotal>275000</MntTotal>
      </Totales>
    </Encabezado>
  </Documento>
</DTE>
